Cluster_ID,Ground_Truth,Ground_Truth_Label,Ground_Truth_Keywords,Standard_Genes,Standard_Answer,Standard_CellType,Standard_Confidence,Standard_Reasoning,Curated_Genes,Curated_Answer,Curated_CellType,Curated_Confidence,Curated_Reasoning,SingleR_Answer,Azimuth_Answer,CellTypist_Answer,GT_Major,GT_State,UsedInConfusion,Score_Standard,Score_Curated,Score_CellTypist,Score_SingleR,Score_Azimuth
CD4.c01.Tn.TCF7,CD4_Tn.Naive,CD4_Tn.Naive,"TCF7, LEF1, CCR7",RPL32;RPL11;RPL13;RPL30;RPS12;RPS8;RPS27A;RPS14;RPS3A;RPL19;RPL10;RPS13;RPL29;RPL18A;RPL18;RPL5;EEF1B2;RPS3;RPS23;RPS6;EEF1A1;RPL3;RPS18;RPS25;RPL22;RPL9;RPS15A;RPL8;RPL14;RPL12;RPS4X;RPL21;RPS5;RPS10;RPL10A;RPL6;RPL34;RPS7;RPL26;RPL35A;RPL24;NACA;RPS15;MALAT1;RPLP2;TPT1;RPL28;RPL7;RPL39;RPS28,Low-quality cell,Low-quality cell,High,"The gene list is overwhelmingly dominated by ribosomal protein genes (RPL/RPS) and other translation-related genes (e.g., EEF1A1, TPT1), along with the common lncRNA MALAT1. This signature lacks any specific lineage markers and is characteristic of stressed or low-quality cells, a common artifact in single-cell RNA-seq.",KLF2;TXNIP;SELL;TCF7;LEF1;LTB;CCR7;PLAC8;AREG;MAL;SCML1;FAAH2;S1PR1;CD55;TSHZ2;RASGRP2;TAF4B;TRABD2A;SATB1;C1orf228;MARCKSL1;SGK1;GIMAP4;FXYD7;SESN3;NGFRAP1;ACTN1;ICAM2;ANKRD55;ARRDC2;IFNGR2;AIF1;LYPD3;PASK;CXCR5;SESN1;TCEA3;IER3;ID3;TTC39C-AS1;PLK2;AC022182.3;KLF5,Naive T cell,Naive T cell,High,"The gene list includes a canonical signature for naive T cells, including high expression of transcription factors KLF2, TCF7, and LEF1, as well as key lymph node homing receptors SELL (CD62L), CCR7, and S1PR1.",Th1/Th17 cells,CD4 TCM,Tem/Effector helper T cells,T,Naive,True,0.0,1.0,0.7,0.7,0.7
CD4.c02.Tn.PASK,CD4_Tn.Naive,CD4_Tn.Naive,"TCF7, LEF1, CCR7",PABPC1;JUNB;NR4A2;RPS3A;CCR7;SLC2A3;FYB;SARAF;YPEL5;SESN3;EEF1A1;RPL3;EZR;RPS6;FAAH2;RNASET2;IL6ST;EEF2;ZNF331;CD28;SRGN;MALAT1;RPL13;SF1;EEF1G;SOCS3;RPL9;RPL19;BTG2;PER1;NR3C1;RPS5;TNFSF8;RPL7;SELL;INPP4B;WDR74;CMTM8;MT-ATP6;RPL5;GPCPD1;ANKRD12;FCMR;RPL10;FAM177A1;GPR183;IL6R;RPL13A;FOXP1;RNF19A,Early Activated T cell,Early Activated T cell,High,"The gene list shows a strong signature of T-cell activation, with numerous immediate-early genes (JUNB, NR4A2, SOCS3, BTG2) and a high abundance of ribosomal protein transcripts (RPL/RPS genes). The presence of CCR7 and SELL suggests a naive or central memory origin, consistent with a T cell in the early phases of activation within a secondary lymphoid organ.",NR4A2;CCR7;SESN3;FAAH2;ZNF331;SELL;WDR74;GPR183;TCF7;PASK;TSHZ2;LEF1;GK;CCR4;NR4A3;BCAS2;ZFP36L2;LDHB;NPM1;CD55;CXCR5;CHMP1B;ZFP36;SATB1;RGCC;SFPQ;NAP1L1;DUSP1;KLRB1;TIGIT;MAL;SESN1;ARRDC2;ACTN1;KLF3;HNRNPA1;ICAM2;S1PR1;CD27;TBC1D4;TOX2;PIM2;SOD2;SMARCA2;NAF1;ANKRD55;NEAT1;DDX21;CDKN1A;CITED2,T follicular helper cell,T follicular helper cell,High,"High confidence based on the expression of the canonical Tfh marker CXCR5, the key transcription factor TOX2, and supporting markers like GPR183. The co-expression of naive/central memory markers such as CCR7, SELL, TCF7, and LEF1 suggests a circulating or precursor Tfh phenotype.",Follicular helper T cells,CD4 TCM,Regulatory T cells,T,Naive,True,0.7,0.7,0.7,0.7,0.7
CD4.c03.Tn.ADSL,CD4_Tn.Naive,CD4_Tn.Naive,"TCF7, LEF1, CCR7",TCF7;RPS8;RPS6;RPL11;RPS5;RPL5;RPL18A;CCR7;KLF2;RPS2;RPS18;LEF1;RPL4;LDHB;RPL10A;RPSA;RPL13;RPL29;RPL7;RPS12;RPL19;EEF1A1;RPL3;GNB2L1;RPS9;RPS7;RPS4X;RPS10;RPS23;RPS3A;RPL15;RPS3;EEF1B2;RPL7A;RPLP0;EEF2;RPL12;RPL6;RPS15A;RPS14;EIF3F;RPL28;RPS13;S1PR1;SH3BP5;RPL17;LTB;EEF1G;DENND2D;RPL27,Naive T cell,Naive T cell,High,"The gene list includes the canonical markers for naive T cells, including the transcription factors TCF7 and LEF1, and the homing receptors CCR7 and S1PR1. The high expression of numerous ribosomal protein genes is also characteristic.",TCF7;CCR7;KLF2;LEF1;LDHB;S1PR1;SH3BP5;LTB;CNN2;LIMD2;LIME1;GIMAP4;HMGA1;PLAC8;RASGRP2;ADSL;SESN3;ICAM2;ANXA1;CTSL;CD69;C1QBP;NME2;CORO1A;ZFP36L2;AREG;TIMP1;RIPK2;CD27;MRPL14;CD55;ANKRD55;GTF3A;ARPC5;LIMS2;SGK1;MAL;C16orf13;DUSP5;KLF3;ARPC1B;NPM1;RBM3;AQP3;PASK;FAAH2;H2AFY;CORO1B;APEX1;UQCRH,Naive T cell,Naive T cell,High,"The gene list shows strong expression of canonical naive and lymphoid-homing markers such as TCF7, CCR7, KLF2, LEF1, and S1PR1. There is a concurrent lack of markers for T cell activation, cytotoxicity (Granzymes, PRF1), or terminal differentiation.",Th1/Th17 cells,CD4 TCM,Tem/Effector helper T cells,T,Naive,True,1.0,1.0,0.7,0.7,0.7
CD4.c04.Tn.il7r,CD4_Tn.Naive,CD4_Tn.Naive,"TCF7, LEF1, CCR7",RPS8;RPS13;RPS2;LDHB;RPS17;RPS18;NPM1;RPL35;RPS23;RPL32;RPLP0;RPL22;RPS6;RPL27;EEF1B2;RPL8;RPLP2;RPSA;RPL36;RPL14;RPL5;RPL37A;RPL12;ZFAS1;RPS5;PTMA;RPL31;RPL36A;RPS15;HSP90AB1;TUBB;RPL41;RPL23A;TUBA1B;RPL7;HMGN2;HNRNPA1;C1QBP;RPL37;NME2;LSM5;RPL29;SNRPD2;RPL7A;RPL35A;PAICS;RPL11;RPS21;LYAR;STMN1,Unidentified cell (Proliferating),Unidentified cell (Proliferating),Low,"The gene list is overwhelmingly dominated by ribosomal protein genes (RPS/RPL family) and markers associated with high metabolic activity and proliferation (e.g., STMN1, TUBA1B, TUBB, NPM1). This signature is indicative of a cell state rather than a specific lineage. There is a complete absence of canonical markers to define any specific cell lineage (e.g., T cell, B cell, myeloid, epithelial).",LDHB;NPM1;TUBB;HMGN2;HNRNPA1;C1QBP;NME2;LSM5;PAICS;LYAR;STMN1;NME1;SNRPF;PPA1;TRAP1;SNRPE;MRPL4;BOP1;TOMM40;SRM;MIF;MYBL2;C19orf48;NHP2;CCT8;UBE2S;AK2;TIMM13;CCNB2;CCT5;MKI67;SNRPD3;PRDX1;EXOSC5;POLD2;NUCKS1;HNRNPAB;IMPDH2;SRSF3;CENPH;BOLA3;CHEK1;PAM16;SH3BP5;MRPS35;H2AFX;HMGA1;FAM207A;TUFM;SLC25A5,T cell (proliferating),T cell (proliferating),Medium,"The gene list is dominated by strong, canonical proliferation and cell cycle markers (MKI67, CCNB2, STMN1, MYBL2), but lacks specific markers to further resolve the T cell subtype. The lineage is assigned based on the provided context.",T regulatory cells,CD4 Proliferating,Tem/Effector helper T cells,T,Naive,True,0.0,0.7,0.7,0.0,0.7
CD4.c05.Tm.TNF,CD4_Tm.EffMem,CD4_Tm.EffMem,"IL7R, CCR7, SELL",MT-ND2;CCL5;GZMA;MT-CYB;CD52;MYL12A;CD40LG;MT-CO1;SH3BGRL3;MT-ND5;TXNIP;MALAT1;CD69;MT-ATP6;MT-CO2;MT-CO3;MT-ND4L;CD99;MT-ND1;C9orf142;CAPG;HCST;CD2;TRAF3IP3;CLIC1;RAC2;MT-ND4;PTPRCAP;RARRES3;CD3E;CKLF;CD3G;GSTK1;SCML4;EMP3;LCP1;ZYX;S100A4;SIT1;IFITM1;CD3D;RGS19;CORO1A;S100A6;CNN2;DENND2D;ACTG1;HLA-F;MT-ATP8;TBC1D10C,Effector T cell (High-Mito),Effector T cell (High-Mito),High,"The gene list shows strong expression of canonical T-cell markers (CD3D, CD3E, CD3G, CD2), activation markers (CD69), and effector molecules associated with cytotoxicity and inflammation (GZMA, CCL5). The prominent signature of numerous mitochondrial genes (MT-*) indicates a high metabolic state, characteristic of activated effector lymphocytes.",CCL5;GZMA;TXNIP;CD69;S100A4;CNN2;CCL4;LGALS1;HOPX;GIMAP4;GZMH;ID2;CISH;IFNG;CXCR3;TNF;GZMK;LIME1;KLRB1;APOBEC3C;MATK;XCL1;KLRG1;CFH;SLFN5;ANXA1;XCL2;TIMP1;ARL2;NKG7;AC092580.4;PRF1;CTSW;SH3BP5;MS4A1;GPR25;CLU;BCL2A1;EGR1;TESC;PLEK;NUCB2;IGFBP3;RP5-1028K7.2;LYZ;ZNF683;IL2;FASLG;GZMB;EOMES,CD8+ Temra T cell,CD8+ Temra T cell,High,"The gene list shows a strong cytotoxic signature with high expression of GZMB, PRF1, NKG7, and IFNG. The presence of KLRG1, a marker for terminal differentiation and senescence, combined with these effector molecules, is the canonical signature of a CD8+ T effector memory re-expressing CD45RA (Temra) cell.",Th1/Th17 cells,CD4 TCM,Tem/Effector helper T cells,T,EffMem,True,1.0,1.0,1.0,0.7,1.0
CD4.c06.Tm.ANXA1,CD4_Tm.EffMem,CD4_Tm.EffMem,"IL7R, CCR7, SELL",RPS12;RPL10;EEF1A1;RPS27A;RPL13;RPS3;RPL11;RPL19;TPT1;RPL30;RPS13;RPL32;RPL3;PABPC1;RPL14;RPS3A;RPS14;RPS8;RPL21;RPS23;IL7R;RPS4X;RPS6;RPS18;RPS5;RPL5;RPL18A;RPS10;RPL18;RPLP1;RPL9;RPL8;RPL29;EEF1B2;RPL34;CCR7;RPS25;RPLP2;RPL17;CD55;FTH1;RPS2;RPS9;RPS15A;RPL6;KLF2;RPL22;RPS7;RPL10A;RPL12,Naive T cell,Naive T cell,High,"The gene list includes the canonical markers for naive T cells: IL7R (CD127), CCR7, and the quiescence-associated transcription factor KLF2. The remaining highly expressed genes are predominantly ribosomal proteins, which are common but do not contradict this classification.",CCR7;CD55;KLF2;ANXA1;ZFP36L2;ZFP36;LMNA;RGCC;GPR183;CDKN1A;KLF3;LTB;LDHB;ZNF331;AREG;ICAM2;S1PR1;SOD2;TOB1;NR4A2;CCR6;VIM;TCF7;MARCKSL1;DDIT4;CHMP1B;NPM1;CITED2;DDX21;SATB1;PTGER2;PLAC8;WDR74;RASGRP2;MYC;AQP3;PLAUR;DPP4;ARRDC2;ODC1;DUSP1;RIPK2;DUSP5;TUBA4A;MAL;CD69;HNRNPA1;TAF4B;BCAS2;LEF1,Early Activated T cell,Early Activated T cell,High,"The cell expresses a strong signature of naive or central memory T cells (CCR7, LEF1, TCF7, KLF2, S1PR1) combined with canonical markers of recent or early activation (CD69, NR4A2, DUSP1, MYC). This co-expression profile is characteristic of a T cell that has recently been stimulated.",Th1/Th17 cells,CD4 TCM,Tem/Effector helper T cells,T,EffMem,True,0.7,1.0,1.0,0.7,1.0
CD4.c07.Tm.ANXA2,CD4_Tm.EffMem,CD4_Tm.EffMem,"IL7R, CCR7, SELL",S100A11;S100A4;PFN1;SH3BGRL3;EMP3;S100A10;S100A6;LGALS1;ACTB;COTL1;TMSB4X;MYL6;TMSB10;VIM;ACTG1;KLF2;ANXA2;CFL1;TIMP1;FLT3LG;CD52;MYL12A;ARPC3;CAPZB;CAPG;ARHGDIB;IFITM2;MYL12B;CD99;PPIA;CRIP1;LDHB;CORO1A;CNN2;ANXA1;GAPDH;NME2;PLP2;AES;SLC25A5;ARPC2;IFITM1;PSME1;ARPC1B;FLNA;FXYD5;TXN;CTSH;ITGB7;ANXA5,Dendritic cell (ISG-high),Dendritic cell (ISG-high),High,"The gene list shows a strong myeloid signature with S100 proteins (S100A4, S100A6, S100A11) and Annexins (ANXA1, ANXA2). The presence of FLT3LG is a key marker associated with dendritic cell development and differentiation. Additionally, the high expression of cytoskeletal genes (VIM, PFN1, ACTB) reflects the motile and antigen-presenting nature of these cells. IFITM1 and IFITM2 indicate a strong interferon-stimulated gene (ISG) signature.",S100A4;S100A6;LGALS1;COTL1;VIM;KLF2;ANXA2;TIMP1;LDHB;CORO1A;CNN2;ANXA1;NME2;SLC25A5;ARPC1B;FLNA;TXN;CTSH;ANXA5;C12orf75;PSME2;ARPC5;LIME1;S1PR1;GSTP1;ITGB1;NDUFB3;YBX1;CHCHD2;RBM3;CARHSP1;ATP5J2;POMP;CTSL;TPM4;CD74;DUT;H2AFV;PDCD5;STRA13;TFDP1;NDUFS6;CDC25B;DSTN;MIF;LSM3;LGALS3;GIMAP4;ATP5G3;AQP3,Central Memory T cell,Central Memory T cell,High,"The gene list includes key markers for recirculation and lymphoid homing, such as S1PR1 and KLF2, which are characteristic of naive or central memory T cells. The concurrent high expression of activation, metabolic, and cytoskeletal genes (e.g., S100A4, S100A6, LDHB, VIM) points towards a memory phenotype rather than a quiescent naive state, strongly indicating a Central Memory T cell.",Th1/Th17 cells,CD4 TCM,Tem/Effector helper T cells,T,EffMem,True,0.0,1.0,1.0,0.7,1.0
CD4.c08.Tm.CREM,CD4_Tm.EffMem,CD4_Tm.EffMem,"IL7R, CCR7, SELL",ZFP36;ZFP36L2;CXCR4;MCL1;SRGN;TSC22D3;ANXA1;RGCC;MYADM;SARAF;BTG1;DUSP2;SYTL3;FTH1;PFKFB3;PARP8;SAMSN1;LEPROTL1;PDE4B;YPEL5;LMNA;FAM177A1;PER1;IL7R;TNFAIP3;LINC-PINT;CDKN1A;AIM1;ADGRE5;MT-ND3;JUNB;PTGER4;CSRNP1;EIF1;FAM46C;NR4A2;CCL5;PBX4;BRD2;PNRC1;CCNH;MT-CO1;EZR;AHNAK;SELK;MT-CO3;ZNF331;IFNGR1;TUBB4B;CREM,CD8+ exhausted T cell,CD8+ exhausted T cell,High,"The gene list contains markers for T cells (IL7R, CXCR4), cytotoxic function (CCL5, SRGN), and key transcription factors and genes strongly associated with T cell activation and exhaustion (NR4A2, JUNB, ZFP36, CREM).",ZFP36;ZFP36L2;ANXA1;RGCC;DUSP2;LMNA;CDKN1A;NR4A2;CCL5;ZNF331;KLF6;RGS1;KLRB1;GPR183;CD55;SLC7A5;VIM;NR4A3;DDIT4;ODC1;TUBA4A;CXCR6;PDCL3;CD69;DUSP5;GZMA;CCL4;LDHA;RASGEF1B;AREG;CLEC2B;NCL;BCAS2;PERP;SRSF2;TOB1;INSIG1;GLUL;GZMH;CHMP1B;CITED2;CCR6;SPON2;PDCD1;PDE4D;CXCR3;GZMK;ANKRD37;ERRFI1;DPP4,CD8+ exhausted T cell,CD8+ exhausted T cell,High,"The cell expresses key markers of T cell exhaustion (PDCD1, NR4A2, NR4A3, TOB1) alongside cytotoxic effector molecules (GZMA, GZMH, GZMK) and activation markers (CD69), which is the canonical signature of an exhausted CD8+ T cell.",Th1/Th17 cells,CD4 TEM,Tem/Effector helper T cells,T,EffMem,True,0.7,0.7,1.0,0.7,1.0
CD4.c09.Tm.CCL5,CD4_Tm.EffMem,CD4_Tm.EffMem,"IL7R, CCR7, SELL",CCL5;RPS27;CD40LG;ANXA1;ZFP36L2;GZMA;RPS29;AC090498.1;ZFP36;BTG1;RPL30;CD69;CXCR4;FAU;CCL4;RPL35A;IL7R;RPS21;RPL39;PARP8;TSC22D3;RPS28;PNRC1;CST7;RPL34;S100A10;RPL38;ALOX5AP;RPS14;TOMM7;CD99;RPLP2;AHNAK;RPL28;RPL37A;KLF6;TNFAIP3;RPS19;MT-ND3;PTGER4;SAMSN1;MCL1;RPS25;IFNGR1;RPL21;GLUL;RPS15A;DUSP2;CD96;RPS12,Activated CD8+ T cell,Activated CD8+ T cell,High,"The gene list shows a strong signature for T cell activation, including immediate early genes like ZFP36, BTG1, and DUSP2, alongside the classic activation marker CD69. Furthermore, the presence of key cytotoxic markers such as GZMA, CST7, and CCL5 strongly indicates a CD8+ cytotoxic T cell lineage.",CCL5;ANXA1;ZFP36L2;GZMA;ZFP36;CD69;CCL4;CST7;KLF6;GLUL;DUSP2;DUSP1;RGCC;GZMK;GZMH;TXNIP;AC092580.4;NR4A2;RGS1;PRDM1;HOPX;ID2;KLRB1;ATP5E;XCL1;TAGAP;PERP;DUSP5;SPON2;CXCR6;RASGEF1B;HLA-DRB1;IFNG;VIM;IL2;PRF1;GZMB;CLU;CCL4L2;XCL2;AREG;GYG1;NLRP3;CTSW;DPP4;ZEB2;AC131056.3;MATK;SPRY1;MAFF,CD8+ exhausted T cell,CD8+ exhausted T cell,High,"The cell expresses a strong cytotoxic signature (GZMA, GZMB, GZMH, PRF1, IFNG, CST7) alongside key transcription factors and regulatory molecules associated with T cell exhaustion (NR4A2, PRDM1, HOPX, ID2, ZEB2). This co-expression of effector function and exhaustion programs is the hallmark of this cell state.",Th1/Th17 cells,CD4 TEM,Type 1 helper T cells,T,EffMem,True,1.0,0.7,0.7,0.7,1.0
CD4.c10.Tm.CAPG,CD4_Tm.EffMem,CD4_Tm.EffMem,"IL7R, CCR7, SELL",SH3BGRL3;TMSB4X;PFN1;CAPG;MYL12B;MYL12A;ACTB;CFL1;LCP1;S100A11;LAPTM5;VIM;BHLHE40;MSN;MYL6;ANXA1;CD6;MCL1;CAPZB;CD99;CORO1A;MYH9;PSME1;GZMA;COTL1;CD52;ARPC3;ARPC2;CLIC1;HLA-C;ADGRE5;GUK1;RARRES3;TPM4;CAP1;CIB1;PSME2;GAPDH;IL2RG;FLT3LG;S100A4;CYBA;PGK1;RAC2;ZYX;ANXA2;ARPC1B;ITGB7;ENO1;OSTF1,Cytotoxic T cell,Cytotoxic T cell,High,"The gene list is strongly enriched for markers of cytotoxicity (GZMA), T-cell lineage (CD6, IL2RG), and a highly active actin cytoskeleton (ACTB, PFN1, RAC2, CORO1A), which is characteristic of motile, effector cytotoxic T lymphocytes.",VIM;ANXA1;CORO1A;GZMA;COTL1;TPM4;PSME2;S100A4;ANXA2;ARPC1B;ENO1;PDE4D;CNN2;GPR183;PERP;S100A6;STAT1;KLRB1;ARPC5;HOPX;LGALS3;CD3D;CLEC2B;ATP5G3;CTSH;CCL5;RBM3;DPP4;LDLRAD4;CTSL;SLC7A5;AQP3;FLNA;ID2;LDHA;RGCC;ZFP36L2;CXCR6;CD3G;ZFP36;GNA15;LMNA;TBCC;CXCR3;TIMP1;PGAM1;KIAA0319L;DBNL;ANXA5;LMO4,CD8+ Tissue-Resident Memory T cell,CD8+ Tissue-Resident Memory T cell,High,"The gene list includes core T-cell markers (CD3D, CD3G), strong cytotoxic effector markers (GZMA, CCL5), and key markers for tissue-resident memory T cells (Trm), notably CXCR6 and ID2. The combination of these markers strongly points to a cytotoxic, tissue-homing memory T-cell population.",Th1/Th17 cells,CD4 TCM,Tem/Effector helper T cells,T,EffMem,True,1.0,1.0,1.0,0.7,1.0
CD4.c11.Tm.GZMA,CD4_Tm.EffMem,CD4_Tm.EffMem,"IL7R, CCR7, SELL",CCL5;GZMA;SH3BGRL3;CCL4;CD52;TMSB4X;HCST;GZMH;CD99;CST7;ANXA1;HOPX;ALOX5AP;IFITM2;S100A4;CRIP1;CXCR6;CLIC1;LSP1;RARRES3;CD63;CTSD;CFL1;S100A10;MYL12A;CD6;CORO1A;CAPG;BHLHE40;CKLF;ACTB;GZMB;S100A6;APOBEC3G;GLUL;MYL12B;GLIPR2;ANXA2;SCML4;B2M;GZMK;ID2;VIM;PDCD1;ERN1;ARPC3;ITGB2;PRF1;S100A11;PSME1,CD8+ exhausted T cell,CD8+ exhausted T cell,High,"The gene list shows a canonical signature for cytotoxic T cells, including multiple granzymes (GZMA, GZMB, GZMH, GZMK) and perforin (PRF1). The co-expression of the key exhaustion marker PDCD1 (PD-1) strongly indicates an exhausted state.",CCL5;GZMA;CCL4;GZMH;CST7;ANXA1;HOPX;S100A4;CXCR6;CORO1A;GZMB;S100A6;GLUL;ANXA2;GZMK;ID2;VIM;PDCD1;PRF1;LGALS1;DUSP2;IFNG;CXCR3;GNLY;GYG1;ZFP36L2;NKG7;LAG3;HLA-DRB5;PERP;CD4;APOBEC3C;TUBA4A;COTL1;HLA-DRB1;PSME2;PTMS;FLNA;OASL;KLRB1;TXN;ARPC5;CITED2;PSMA7;CCL4L2;C12orf75;ATP5E;AC092580.4;CNN2;CLEC2B,Exhausted CD4+ Cytotoxic T cell,Exhausted CD4+ Cytotoxic T cell,High,"The cell expresses CD4 alongside a very strong cytotoxic signature (GZMA, GZMB, GZMH, PRF1, GNLY, NKG7). The co-expression of canonical exhaustion markers PDCD1 and LAG3, as well as activation markers like HLA-DRB1/5 and IFNG, points to a terminally differentiated, exhausted cytotoxic CD4+ T cell.",Th1/Th17 cells,CD4 TCM,Tem/Effector helper T cells,T,EffMem,True,0.7,0.7,1.0,0.7,1.0
CD4.c12.Tem.GZMK,CD4_Tem.EffMem,CD4_Tem.EffMem,"GZMK, CCL5, ANXA1",GZMK;CST7;GZMA;CCL5;CCL4;HLA-DPB1;DUSP2;GZMH;CD74;TUBA4A;DUSP4;RGCC;APOBEC3G;HLA-A;HLA-DPA1;CXCR4;GZMM;RPL23A;TMEM2;NKG7;TC2N;RNF19A;YPEL5;LITAF;HNRNPLL;CD44;TRAT1;ENC1;RARRES3;HLA-DRB1;SH2D1A;ITM2C;ITGB2;CCL4L2;COTL1;SRSF7;ITM2A;RPL13A;CD4;NFATC2;RPL28;LEPROTL1;EOMES;CNN2;RALGAPA1;CRTAM;F2R;TERF2IP;SDCBP;PTPRCAP,Cytotoxic CD4+ T cell,Cytotoxic CD4+ T cell,High,"The gene list shows co-expression of the CD4 lineage marker (`CD4`) with a potent cytotoxic/effector signature, including multiple granzymes (`GZMA`, `GZMK`, `GZMH`, `GZMM`), `NKG7`, `CST7`, and the key transcription factor `EOMES`. This specific combination is the hallmark of cytotoxic CD4+ T lymphocytes, a subset of effector memory cells.",GZMK;CST7;GZMA;CCL5;CCL4;HLA-DPB1;DUSP2;GZMH;CD74;TUBA4A;DUSP4;RGCC;HLA-DPA1;NKG7;ENC1;HLA-DRB1;SH2D1A;ITM2C;CCL4L2;COTL1;CD4;EOMES;CNN2;CRTAM;TNFSF9;HLA-DRB5;ZNF331;CLEC2B;HLA-DRA;IFNG;NR4A2;GIMAP4;SRRT;LYST;SLC7A5;GYG1;PSMA7;SLAMF7;LINC00152;CD27;PDCD1;APOBEC3C;LIME1;GPR183;OASL;HLA-DMA;AP3S1;RGS1;PRF1;ZFP36,Exhausted CD4+ Cytotoxic T cell,Exhausted CD4+ Cytotoxic T cell,High,"The gene list indicates a CD4+ T cell lineage (CD4) that has acquired a strong cytotoxic profile (GZMK, GZMA, PRF1, NKG7, EOMES). The co-expression of canonical exhaustion and activation markers (PDCD1, NR4A2) and MHC-II genes (HLA-DRB1, CD74) points to a chronically activated, exhausted state.",Effector memory CD8 T cells,CD8 TEM,Tem/Trm cytotoxic T cells,T,EffMem,True,1.0,0.7,1.0,1.0,1.0
CD4.c13.Temra.CX3CR1,CD4_Temra.EffMem,CD4_Temra.EffMem,"CX3CR1, KLRG1, GZMB",NKG7;CCL5;GZMH;CST7;PRF1;CCL4;GNLY;GZMB;FGFBP2;GZMA;LITAF;CTSW;HOPX;ZEB2;KLRG1;PLEK;GZMM;RPS3;IER2;C12orf75;MATK;HLA-C;FLNA;ANXA1;HLA-DPB1;TGFB1;S1PR5;RPS14;ITGB2;SPON2;HLA-DRB1;RPL23A;EFHD2;DUSP2;C1orf21;HCST;RPL26;ADGRG1;KLF3;SAMD3;PLAC8;LYAR;GSTP1;MT-CYB;ITGB1;RPS4X;NR4A2;BIN2;MT-CO2;MT-ND4L,CD8+ Effector Memory T cell,CD8+ Effector Memory T cell,High,"The gene list is dominated by canonical markers of cytotoxic lymphocytes, including multiple granzymes (GZMA, GZMB, GZMH, GZMM), perforin (PRF1), granulysin (GNLY), and NKG7. The presence of KLRG1 and FGFBP2 indicates a terminally differentiated effector memory phenotype. Chemokines like CCL4 and CCL5 further support a highly active, cytotoxic T cell identity.",NKG7;CCL5;GZMH;CST7;PRF1;CCL4;GNLY;GZMB;FGFBP2;GZMA;CTSW;HOPX;ZEB2;KLRG1;PLEK;C12orf75;MATK;FLNA;ANXA1;HLA-DPB1;S1PR5;SPON2;HLA-DRB1;DUSP2;ADGRG1;KLF3;PLAC8;LYAR;GSTP1;ITGB1;NR4A2;HLA-DPA1;LDHA;CX3CR1;KLRD1;TUBA4A;DSTN;CCL4L2;S1PR1;GLUL;CLIC3;FCGR3A;ZFP36;ENC1;UAP1;GZMK;HLA-DRB5;CLEC2B;PRSS23;CMC1,CD8+ Exhausted T cell,CD8+ Exhausted T cell,High,"The gene list shows a classic signature of exhausted cytotoxic T cells, including strong expression of cytotoxic effector molecules (GZMB, PRF1, GNLY, GZMH), terminal differentiation markers (KLRG1, CX3CR1), and key transcription factors associated with T cell exhaustion (NR4A2, HOPX, ZEB2).",Terminal effector CD4 T cells,CD8 TEM,Tem/Temra cytotoxic T cells,T,EffMem,True,1.0,0.7,1.0,1.0,1.0
CD4.c14.Th17.SLC4A10,CD4_Th17,CD4_Th17,"RORC, CCR6, IL23R",RPLP1;IL7R;ZFP36;TPT1;FTH1;ZFP36L2;CXCR4;VIM;ANXA1;GPR183;PDCD4;RPS10;RPS27A;CAPG;CREM;EEF1A1;PDE4D;KLRB1;SARAF;CCR6;RPLP0;CDKN1A;RPS12;FKBP11;ADGRE5;MCL1;GPR65;ITM2B;BHLHE40;MGAT4A;RBMS1;EEF1B2;SRGN;G3BP2;PERP;S100A10;RPS14;RPL10;LDLRAD4;RPL13;MYADM;S100A11;TNFAIP3;IFNGR1;RPS19;RPS3A;BTG1;CD55;RPL9;CRIP1,Th17 cell,Th17 cell,High,"The gene list includes key markers for the Th17 lineage, notably the co-expression of the chemokine receptor CCR6 and the C-type lectin KLRB1 (CD161). The presence of GPR65 further supports this identification. A strong activation signature is evident from the high expression of numerous ribosomal proteins (RPL/RPS genes) and immediate-early/activation-induced genes like ZFP36 and TNFAIP3.",ZFP36;ZFP36L2;VIM;ANXA1;GPR183;PDE4D;KLRB1;CCR6;CDKN1A;PERP;LDLRAD4;CD55;RGCC;SLC7A5;TOB1;LMNA;PTGER2;CXCR6;LDHA;GSTP1;AC092580.4;ANXA2;CCL5;POLR1E;AQP3;CLEC2B;PDCL3;LGALS3;DDIT4;S100A6;AREG;IL4I1;GLUL;HOPX;DPP4;TUBA1C;PEBP1;KLF6;TMIGD2;ITM2C;ZNF331;ID2;NFKBIZ;PDCD1;DUSP2;THBS1;RASGEF1B;CCL20;MAFF;PLAUR,Exhausted T cell,Exhausted T cell,High,"The gene list includes the canonical exhaustion marker PDCD1 (PD-1), along with several other genes strongly associated with T cell exhaustion and dysfunction, such as TOB1, NFKBIZ, DUSP2, and MAFF.",Th1/Th17 cells,CD4 TCM,Tem/Effector helper T cells,T,Th17,True,1.0,0.7,0.7,1.0,0.7
CD4.c15.Th17.IL23R,CD4_Th17,CD4_Th17,"RORC, CCR6, IL23R",CAPG;KLRB1;MGAT4A;CCR6;RORA;RPLP1;G3BP2;CXCR6;PDE4D;CTSH;TPT1;MYH9;IL7R;ALOX5AP;ITM2B;CD96;AQP3;PDCD4;CD3E;CXCR4;OSTF1;SPOCK2;CCL20;CREM;GPR65;PBX4;LAPTM5;YWHAQ;IL4I1;LDLRAD4;RPLP0;PBXIP1;FKBP11;JAML;RBL2;TNFAIP3;RBMS1;LGALS3;ID2;AHR;CD3G;CCNH;RAP1B;RPS4Y1;ATP1A1;PFKFB3;TMSB4X;SRGN;ERN1;TMIGD2,Th17 cell,Th17 cell,High,"The gene list includes core T-cell markers (CD3E, CD3G), the master transcription factor for Th17 cells (RORA), and the canonical Th17 chemokine receptor (CCR6) and its ligand (CCL20), along with other associated markers like KLRB1 and IL7R.",KLRB1;CCR6;CXCR6;PDE4D;CTSH;AQP3;CCL20;IL4I1;LDLRAD4;LGALS3;ID2;CD3G;TMIGD2;PERP;PTPN13;GPR183;SLC7A5;CDKN1A;TNFSF13B;DPP4;VIM;CD69;CA2;CLEC2B;MCAM;CITED2;CEBPD;CTSL;ZFP36L2;ZFP36;GYG1;KLF6;PTGER2;TOB1;PEBP1;NFKBIZ;DUSP1;RBM3;GNA15;CYTH3;SESN1;ANXA1;SRSF2;PDCL3;ITM2C;AC092580.4;H2AFV;CHCHD10;ARL3;ZEB2,MAIT cell,MAIT cell,High,"The gene list includes the canonical signature for MAIT cells: KLRB1 (CD161), CCR6, and CXCR6. This is further supported by the expression of other associated markers like DPP4, CD69, and AQP3.",MAIT cells,CD4 TCM,Tem/Effector helper T cells,T,Th17,True,1.0,0.7,0.7,0.7,0.7
CD4.c16.Tfh.CXCR5,CD4_Tfh,CD4_Tfh,"CXCL13, BCL6, ICA1",NR3C1;CXCL13;FKBP5;IL6ST;SRGN;TNFSF8;NMB;SESN3;RBPJ;ITM2A;BTLA;TIGIT;NAP1L4;CHN1;CD200;TMEM243;TOX2;TSHZ2;MTHFD2;FABP5;COTL1;DUSP4;TOX;CNIH1;IGFBP4;BATF;CPM;SOD1;STK17A;RGS2;TNFRSF4;METTL8;TIAM1;ITPR1;LRMP;FAM107B;FYB;LIMS1;RNF19A;ALOX5AP;SESN1;TCF7;GK;PASK;ELMO1;PDCD1;CYSLTR1;PPP1CC;HIF1A;PDE7B,CD8+ Exhausted T cell,CD8+ Exhausted T cell,High,"The gene list includes a canonical signature of T cell exhaustion, including co-expression of multiple inhibitory receptors (PDCD1, TIGIT, BTLA), key transcription factors that drive the exhausted state (TOX, TOX2, BATF), and markers associated with chronic stimulation and dysfunction (CXCL13, HIF1A, FKBP5).",CXCL13;NMB;SESN3;RBPJ;BTLA;TIGIT;CHN1;CD200;TOX2;TSHZ2;COTL1;DUSP4;CNIH1;IGFBP4;BATF;CPM;SOD1;RGS2;TNFRSF4;TIAM1;LRMP;SESN1;TCF7;GK;PASK;PDCD1;PDE7B;BIRC3;NFKBIA;SMCO4;CORO1B;RHOB;SH2D1A;GNG4;PGM2L1;ICA1;IGFL2;CH25H;SELL;MT2A;ZNF331;CTSL;GRSF1;TNFRSF18;LHFP;FBXO32;GEM;CTLA4;CCDC50;TPI1,Progenitor Exhausted T cell,Progenitor Exhausted T cell,High,"The gene list shows a classic signature of progenitor exhausted T cells, co-expressing canonical exhaustion markers (PDCD1, CTLA4, TIGIT, TOX2) with markers of a stem-like/memory state (TCF7, SELL). The presence of CXCL13 is a key hallmark of this specific subset.",T regulatory cells,CD4 TCM,Regulatory T cells,T,Tfh,True,0.7,0.7,0.7,0.0,0.7
CD4.c17.TfhTh1.CXCL13,CD4_Tfh,CD4_Tfh,"CXCL13, BCL6, ICA1",CXCL13;CTSD;CCL4;RBPJ;DUSP4;LY6E;ID2;CD82;HLA-B;TPI1;B2M;TNFRSF18;PDCD1;RGS1;ITM2A;BST2;LAG3;NR3C1;SLA;GZMA;ALOX5AP;GAPDH;IFNG;PTMS;LAPTM5;ANXA5;CD247;PRDM1;HSPB1;CXCR6;IFI6;SRGN;LYST;PLPP1;HAVCR2;CBLB;HLA-A;ADGRG1;SNX9;ZEB2;CD3D;PKM;TOX;TIGIT;PPDPF;RHOB;IFITM2;SH3BGRL3;PDIA6;ARL6IP1,CD8+ exhausted T cell (ISG-high),CD8+ exhausted T cell (ISG-high),High,"The gene list shows a strong signature for T cells (CD3D, CD247) with multiple canonical exhaustion markers (PDCD1, LAG3, HAVCR2, TIGIT, TOX), cytotoxic molecules (GZMA, IFNG), the specific marker CXCL13, and several interferon-stimulated genes (IFI6, IFITM2, BST2).",CXCL13;CCL4;RBPJ;DUSP4;ID2;TPI1;TNFRSF18;PDCD1;RGS1;BST2;LAG3;GZMA;IFNG;PTMS;ANXA5;PRDM1;CXCR6;IFI6;LYST;PLPP1;HAVCR2;ADGRG1;ZEB2;CD3D;PKM;TIGIT;RHOB;PDIA6;ARL6IP1;DNPH1;MT2A;GZMB;PHLDA1;CTLA4;RAC1;CACYBP;PGAM1;CCL4L2;UBB;PDE7B;GPR25;KRT86;BHLHE40-AS1;TXNIP;ARL3;PTPN13;AHSA1;CCL5;SOD1;KLRB1,CD8+ Exhausted T cell,CD8+ Exhausted T cell,High,"The cell expresses the T cell lineage marker CD3D, cytotoxic markers (GZMA, GZMB, IFNG), and a strong signature of exhaustion, including multiple checkpoint inhibitors (PDCD1, CTLA4, LAG3, HAVCR2, TIGIT) and the key transcription factor PRDM1. The presence of CXCL13 is characteristic of a specific subset of exhausted T cells.",Th1/Th17 cells,CD4 TCM,Regulatory T cells,T,Tfh,True,0.7,0.7,0.7,0.7,0.7
CD4.c18.Treg.RTKN2,CD4_Treg,CD4_Treg,"FOXP3, IL2RA, IKZF2",FOXP3;MALAT1;TIGIT;BATF;SELL;TBC1D4;STAM;FCMR;CTLA4;GBP5;PMAIP1;ARID5B;FTL;CARD16;SAT1;UGP2;LTB;RPL8;CD27;BIRC3;C12orf57;RTKN2;RPL11;SAMHD1;USP15;EIF1;IL32;EEF1D;RPL22;UBE2B;IKZF2;RPS8;RPL12;PELI1;EIF4B;IL2RA;GK;HSPA8;ARID5A;PBXIP1;PIK3IP1;RPS26;FUS;RPL5;SOD1;UBC;CDKN1B;STAT3;LAYN;RPL19,Regulatory T cell,Regulatory T cell,High,"The gene list includes the canonical Treg lineage-defining transcription factor FOXP3, and key functional/surface markers IL2RA (CD25), CTLA4, and TIGIT.",FOXP3;TIGIT;BATF;SELL;TBC1D4;CTLA4;GBP5;PMAIP1;CARD16;SAT1;LTB;CD27;BIRC3;RTKN2;IKZF2;PELI1;IL2RA;GK;LAYN;LAIR2;ICA1;MIR4435-2HG;TNFRSF4;CCR8;HPGD;ID3;HTATIP2;CD7;TTN;DUSP4;LEF1;WDR74;TNFRSF9;MAGEH1;RBKS;MAL;FANK1;SESN3;GEM;ACTA2;CCNG2;ENTPD1;CCR4;HLA-DQB1;NGFRAP1;FAAH2;CD177;CCDC141;YPEL2;AC133644.2,Effector Regulatory T cell,Effector Regulatory T cell,High,"The cell expresses the canonical Treg master regulator FOXP3 and key functional markers IL2RA (CD25), CTLA4, and IKZF2. The additional expression of activation and suppressive function markers like TIGIT, TNFRSF9 (4-1BB), CCR8, and ENTPD1 (CD39) indicates an activated, effector phenotype.",T regulatory cells,Treg,Regulatory T cells,T,Treg,True,1.0,1.0,1.0,0.3,1.0
CD4.c19.Treg.S1PR1,CD4_Treg,CD4_Treg,"FOXP3, IL2RA, IKZF2",FOXP3;IL32;SELL;KLF2;HLA-DRB1;FCMR;LTB;CD74;GBP5;HLA-DPB1;HLA-DRA;SAMHD1;YWHAB;HSPA1A;PTPRCAP;TMSB10;AES;RPS26;HPGD;CD27;SOD1;LDHB;FXYD5;UGP2;GLRX;MIR4435-2HG;HLA-DQA1;EMP3;IKZF2;GBP2;HSPA1B;LIMD2;HLA-DPA1;CCR4;STAM;FTL;CACYBP;SAT1;CD52;AQP3;S100A4;UQCRB;USP15;CTLA4;CALM3;SKAP1;GNB2L1;TTC39C;RPS15;RTKN2,"Regulatory T cell (activated, ISG-high)","Regulatory T cell (activated, ISG-high)",High,"The presence of the canonical Treg markers FOXP3, CTLA4, and IKZF2 is definitive. High expression of MHC class II genes (HLA-DRB1, HLA-DPB1, etc.) indicates an activated state. The presence of interferon-stimulated genes like GBP2, GBP5, and SAMHD1 points to an interferon signature.",FOXP3;SELL;KLF2;HLA-DRB1;LTB;CD74;GBP5;HLA-DPB1;HLA-DRA;HPGD;CD27;SOD1;LDHB;GLRX;MIR4435-2HG;HLA-DQA1;IKZF2;GBP2;LIMD2;HLA-DPA1;CCR4;CACYBP;SAT1;AQP3;S100A4;CTLA4;CALM3;RTKN2;DOK2;NOP10;ATP5E;LIME1;HLA-DQB1;PMAIP1;LINC00152;BIRC3;CARD16;IL2RA;BTG3;TTN;LEF1;PIM2;HLA-DRB5;SOD2;BAG3;HLA-DMA;PKIA;LGALS3;ID3;CCNG2,"Regulatory T cell (activated, ISG-high)","Regulatory T cell (activated, ISG-high)",High,"High expression of canonical Treg markers (FOXP3, IL2RA, CTLA4, IKZF2), strong activation markers (multiple MHC Class II genes like HLA-DRB1), and an interferon-stimulated gene signature (GBP2, GBP5).",T regulatory cells,Treg,Regulatory T cells,T,Treg,True,1.0,1.0,1.0,0.3,1.0
CD4.c20.Treg.TNFRSF9,CD4_Treg,CD4_Treg,"FOXP3, IL2RA, IKZF2",FOXP3;CARD16;BATF;IL32;TNFRSF18;TIGIT;TNFRSF4;CTSC;HLA-A;CTLA4;CD27;CD7;CCR8;TNFRSF9;LAYN;DNPH1;TBC1D4;IL2RA;LAIR2;GLRX;GBP2;DUSP4;AC133644.2;HTATIP2;STAM;PMAIP1;SYNGR2;TNFRSF1B;IL1R2;GBP5;B2M;MIR4435-2HG;UCP2;IKZF2;ACP5;PKM;CD74;SAT1;FKBP1A;RPS27L;SPOCK2;SUMO2;IL2RG;ICOS;NAMPT;UGP2;SIRPG;RHBDD2;MAGEH1;ENO1,Effector Regulatory T cell,Effector Regulatory T cell,High,"The gene set is dominated by canonical markers for Regulatory T cells (Tregs), including the master transcription factor FOXP3, and key surface receptors IL2RA (CD25), CTLA4, and TIGIT. The presence of additional markers like CCR8, LAYN, and TNFRSF18 (GITR) strongly indicates a highly activated, effector phenotype.",FOXP3;CARD16;BATF;TNFRSF18;TIGIT;TNFRSF4;CTLA4;CD27;CD7;CCR8;TNFRSF9;LAYN;DNPH1;TBC1D4;IL2RA;LAIR2;GLRX;GBP2;DUSP4;AC133644.2;HTATIP2;PMAIP1;SYNGR2;IL1R2;GBP5;MIR4435-2HG;IKZF2;ACP5;PKM;CD74;SAT1;MAGEH1;ENO1;LTB;SOD1;MRPS6;CORO1B;S100A4;PHLDA1;GK;BIRC3;BTG3;AC145110.1;CACYBP;RTKN2;ARPC1B;CXCR6;HPGD;PELI1;ENTPD1,Effector Regulatory T cell,Effector Regulatory T cell,High,"The cell expresses the master transcription factor FOXP3, along with canonical Treg markers (IL2RA, CTLA4, TIGIT, IKZF2) and markers of a highly activated, suppressive state (CCR8, LAYN, ENTPD1, TNFRSF18).",T regulatory cells,Treg,Regulatory T cells,T,Treg,True,1.0,1.0,1.0,0.3,1.0
CD4.c21.Treg.OAS1,CD4_Treg,CD4_Treg,"FOXP3, IL2RA, IKZF2",FOXP3;ISG15;IFI6;SAT1;CARD16;MX1;IL32;LY6E;OAS1;BATF;GBP5;EPSTI1;TNFRSF18;CD27;STAT1;TNFRSF4;CD7;IL2RA;BST2;TIGIT;HLA-A;MIR4435-2HG;GBP2;PSMB9;RNF213;CTLA4;ISG20;XAF1;AC133644.2;ACP5;CTSC;IFI35;UBE2L6;HERC5;HSPA1A;DNPH1;B2M;PIM2;COX5A;EIF2AK2;IL1R2;CD74;SOD1;CACYBP;IL2RG;IFI44L;SP100;CALM3;CCR8;HSPA1B,Regulatory T cell (ISG-high),Regulatory T cell (ISG-high),High,"The cell type is defined by the canonical Treg markers FOXP3, IL2RA (CD25), CTLA4, and TIGIT. The cellular state is characterized by the high expression of a large number of interferon-stimulated genes (ISGs), including ISG15, MX1, STAT1, and OAS1.",FOXP3;ISG15;IFI6;SAT1;CARD16;MX1;OAS1;BATF;GBP5;TNFRSF18;CD27;STAT1;TNFRSF4;CD7;IL2RA;BST2;TIGIT;MIR4435-2HG;GBP2;CTLA4;AC133644.2;ACP5;HERC5;DNPH1;PIM2;COX5A;IL1R2;CD74;SOD1;CACYBP;CALM3;CCR8;IKZF2;SYNGR2;PSMB8;BIRC3;SELL;LINC00152;OASL;LAYN;TNFRSF9;HTATIP2;GLRX;LAIR2;DNAJB4;LTB;GCNT1;RTKN2;USP18;MAGEH1,Regulatory T cell (ISG-high),Regulatory T cell (ISG-high),High,"The cell expresses the canonical Treg master transcription factor FOXP3, along with other key Treg markers (IL2RA, CTLA4, TIGIT, IKZF2, TNFRSF18). Additionally, it shows a strong interferon-stimulated gene signature (ISG15, IFI6, MX1, STAT1, OAS1).",T regulatory cells,CD4 TCM,Regulatory T cells,T,Treg,True,1.0,1.0,1.0,0.3,0.7
CD4.c22.ISG.IFIT1,CD4_ISG,CD4_ISG,"ISG15, IFIT1, MX1",IFITM1;ISG15;MX1;IFI6;LY6E;STAT1;IRF7;MX2;ISG20;EIF2AK2;XAF1;IFI44L;EPSTI1;TRIM22;UBE2L6;OAS1;RNF213;PLSCR1;IFI44;IFIT1;IFI35;RSAD2;HERC5;CMPK2;IFIT3;SAMD9L;OAS3;MT2A;PSMB9;DRAP1;LGALS9;SP100;BST2;PARP9;DDX60L;SP110;IFITM2;IFI16;TMEM123;PARP14;SAMD9;OAS2;SMCHD1;OASL;NT5C3A;C5orf56;USP18;STAT2;C19orf66;GBP1,Immune cell (ISG-high),Immune cell (ISG-high),Medium,"The gene list is overwhelmingly composed of canonical interferon-stimulated genes (e.g., ISG15, MX1, IFIT1, OAS1) and transcription factors of the IFN pathway (STAT1, STAT2, IRF7), indicating a strong interferon response state. However, the list lacks specific markers to define a precise lineage, making 'Immune cell' a broad but appropriate classification.",ISG15;MX1;IFI6;STAT1;OAS1;IFIT1;RSAD2;HERC5;CMPK2;IFIT3;MT2A;BST2;OASL;USP18;GIMAP4;SAT1;TXNIP;PSME2;PSMB8;TNFSF10;GBP5;IFIT2;NFKBIZ;CARD16;SLFN5;SELL;TSHZ2;GBP2;TNFSF13B;GALM;DNAJB1;IFITM3;NEAT1;LAG3;GNG5;CTSH;PSMA3;CXCL13;AIM2;RBPJ;GPR155;USPL1;SOD2;MIF;PSMA5;CHI3L2;CD7;CACYBP;GADD45G;BAG3,Exhausted T cell (ISG-high),Exhausted T cell (ISG-high),High,"The cell expresses the T cell exhaustion marker LAG3. The overwhelming signature is a strong interferon-stimulated gene (ISG) response, indicated by the high expression of numerous canonical ISGs such as ISG15, MX1, IFI6, STAT1, OAS1, and IFIT1.",Th1/Th17 cells,CD4 TCM,Regulatory T cells,T,ISG,True,0.3,1.0,0.7,0.7,0.7
